{"request_hash":"request:search:96b9d791125b363019d5e160e38a36f28e7565fd","request_cached":false,"request_cache_expiry":432000,"results":[{"mal_id":36456,"url":"https:\/\/myanimelist.net\/anime\/36456\/Boku_no_Hero_Academia_3rd_Season","image_url":"https:\/\/cdn.myanimelist.net\/images\/anime\/1319\/92084.jpg?s=35232941f9c872fd1f5af37fa389452b","title":"Boku no Hero Academia 3rd Season","airing":false,"synopsis":"As summer arrives for the students at UA Academy, each of these superheroes-in-training puts in their best efforts to become renowned heroes. They head off to a forest training camp run by UA's pro he...","type":"TV","episodes":25,"score":8.62,"start_date":"2018-04-07T00:00:00+00:00","end_date":"2018-09-29T00:00:00+00:00","members":685937,"rated":"PG-13"}],"last_page":20}